{
  "created_at": "2026-03-01T12:42:07",
  "discrete_metrics_source": "e2e_hard_emitted_label",
  "checkpoint_path": "",
  "checkpoint_name": "transient_eval",
  "step": 48,
  "split": "val",
  "dataset_fingerprint": "c2cb607f54c1f6fee334f6830ddc0c68e3a85a8628f8a06337c434bced3abca3",
  "config_fingerprint": "6f9575496af2e8d641e9fdeff1a28cda22f8d6aa105ed3cc111f5d9bb3a038ef",
  "metrics": {
    "loss": NaN,
    "cls_loss": NaN,
    "accuracy": 0.84,
    "macro_f1": 0.8350439882697946,
    "auroc": NaN,
    "auprc": NaN,
    "invalid_label_rate": 0.0,
    "decision_threshold": 0.5,
    "balanced_accuracy": 0.8316742081447964,
    "F1": 0.8064516129032258,
    "mcc": 0.6729164355842768,
    "precision": 0.847457627118644,
    "recall": 0.7692307692307693,
    "tp": 50,
    "fp": 9,
    "fn": 15,
    "tn": 76
  }
}