{
  "created_at": "2026-03-01T12:58:40",
  "checkpoint_path": "tinker://07445851-6b93-5435-a8b4-4bdfb719a72a:train:0/sampler_weights/reasoning_sft_20260301_114319_best_step_0",
  "checkpoint_name": "reasoning_sft_20260301_114319_bestval",
  "split": "test",
  "tag": "bestval",
  "step": 0,
  "dataset_fingerprint": "c2cb607f54c1f6fee334f6830ddc0c68e3a85a8628f8a06337c434bced3abca3",
  "config_fingerprint": "6f9575496af2e8d641e9fdeff1a28cda22f8d6aa105ed3cc111f5d9bb3a038ef",
  "decision_threshold": 0.5,
  "n": 150,
  "predictions_path": "/home/tzhou3/Financial-LLM-for-Analyst-Anomaly-Detection/tinker/runs/reasoning_sft_20260301_114319/student_phase/test_bestval.json",
  "metrics": {
    "decision_threshold": 0.5,
    "loss": NaN,
    "cls_loss": NaN,
    "accuracy": 0.88,
    "macro_f1": 0.8778280542986425,
    "auroc": NaN,
    "auprc": NaN,
    "invalid_label_rate": 0.0,
    "balanced_accuracy": 0.8778280542986425,
    "F1": 0.8615384615384616,
    "mcc": 0.755656108597285,
    "precision": 0.8615384615384616,
    "recall": 0.8615384615384616,
    "tp": 56,
    "fp": 9,
    "fn": 9,
    "tn": 76
  }
}