{
  "created_at": "2026-03-01T11:53:45",
  "discrete_metrics_source": "e2e_hard_emitted_label",
  "checkpoint_path": "",
  "checkpoint_name": "transient_eval",
  "step": 0,
  "split": "val",
  "dataset_fingerprint": "c2cb607f54c1f6fee334f6830ddc0c68e3a85a8628f8a06337c434bced3abca3",
  "config_fingerprint": "6f9575496af2e8d641e9fdeff1a28cda22f8d6aa105ed3cc111f5d9bb3a038ef",
  "metrics": {
    "loss": NaN,
    "cls_loss": NaN,
    "accuracy": 0.88,
    "macro_f1": 0.876282991202346,
    "auroc": NaN,
    "auprc": NaN,
    "invalid_label_rate": 0.0,
    "decision_threshold": 0.5,
    "balanced_accuracy": 0.8723981900452489,
    "F1": 0.8548387096774194,
    "mcc": 0.7555391902944882,
    "precision": 0.8983050847457628,
    "recall": 0.8153846153846154,
    "tp": 53,
    "fp": 6,
    "fn": 12,
    "tn": 79
  }
}