{
  "created_at": "2026-03-01T12:14:51",
  "discrete_metrics_source": "e2e_hard_emitted_label",
  "checkpoint_path": "",
  "checkpoint_name": "transient_eval",
  "step": 16,
  "split": "val",
  "dataset_fingerprint": "c2cb607f54c1f6fee334f6830ddc0c68e3a85a8628f8a06337c434bced3abca3",
  "config_fingerprint": "6f9575496af2e8d641e9fdeff1a28cda22f8d6aa105ed3cc111f5d9bb3a038ef",
  "metrics": {
    "loss": NaN,
    "cls_loss": NaN,
    "accuracy": 0.82,
    "macro_f1": 0.8054661607185745,
    "auroc": NaN,
    "auprc": NaN,
    "invalid_label_rate": 0.013333333333333334,
    "decision_threshold": 0.5,
    "balanced_accuracy": 0.797737556561086,
    "F1": 0.7522935779816514,
    "mcc": 0.6481126316567395,
    "precision": 0.9318181818181818,
    "recall": 0.6307692307692307,
    "tp": 41,
    "fp": 3,
    "fn": 24,
    "tn": 82
  }
}