{
  "created_at": "2026-03-01T12:52:03",
  "discrete_metrics_source": "e2e_hard_emitted_label",
  "checkpoint_path": "tinker://07445851-6b93-5435-a8b4-4bdfb719a72a:train:0/sampler_weights/reasoning_sft_20260301_114319_final",
  "checkpoint_name": "reasoning_sft_20260301_114319_final",
  "step": 60,
  "split": "val_final",
  "dataset_fingerprint": "c2cb607f54c1f6fee334f6830ddc0c68e3a85a8628f8a06337c434bced3abca3",
  "config_fingerprint": "6f9575496af2e8d641e9fdeff1a28cda22f8d6aa105ed3cc111f5d9bb3a038ef",
  "metrics": {
    "loss": NaN,
    "cls_loss": NaN,
    "accuracy": 0.84,
    "macro_f1": 0.8342236139252164,
    "auroc": NaN,
    "auprc": NaN,
    "invalid_label_rate": 0.0,
    "decision_threshold": 0.5,
    "balanced_accuracy": 0.8298642533936651,
    "F1": 0.8032786885245902,
    "mcc": 0.673523090594112,
    "precision": 0.8596491228070176,
    "recall": 0.7538461538461538,
    "tp": 49,
    "fp": 8,
    "fn": 16,
    "tn": 77
  }
}