{
  "created_at": "2026-03-01T12:29:43",
  "discrete_metrics_source": "e2e_hard_emitted_label",
  "checkpoint_path": "",
  "checkpoint_name": "transient_eval",
  "step": 32,
  "split": "val",
  "dataset_fingerprint": "c2cb607f54c1f6fee334f6830ddc0c68e3a85a8628f8a06337c434bced3abca3",
  "config_fingerprint": "6f9575496af2e8d641e9fdeff1a28cda22f8d6aa105ed3cc111f5d9bb3a038ef",
  "metrics": {
    "loss": NaN,
    "cls_loss": NaN,
    "accuracy": 0.8533333333333334,
    "macro_f1": 0.849480021893815,
    "auroc": NaN,
    "auprc": NaN,
    "invalid_label_rate": 0.0,
    "decision_threshold": 0.5,
    "balanced_accuracy": 0.8470588235294119,
    "F1": 0.8253968253968254,
    "mcc": 0.7002277313520158,
    "precision": 0.8524590163934426,
    "recall": 0.8,
    "tp": 52,
    "fp": 9,
    "fn": 13,
    "tn": 76
  }
}