{
  "created_at": "2026-03-01T14:30:45",
  "discrete_metrics_source": "e2e_hard_emitted_label",
  "checkpoint_path": "",
  "checkpoint_name": "transient_eval",
  "step": 48,
  "split": "test",
  "dataset_fingerprint": "c2cb607f54c1f6fee334f6830ddc0c68e3a85a8628f8a06337c434bced3abca3",
  "config_fingerprint": "a395561e782fa81a8844ad7c99e009a61eafa91847d6295b6cd32a6613bd4169",
  "metrics": {
    "loss": NaN,
    "cls_loss": NaN,
    "accuracy": 0.8266666666666667,
    "macro_f1": 0.8184019370460048,
    "auroc": NaN,
    "auprc": NaN,
    "invalid_label_rate": 0.0,
    "decision_threshold": 0.5,
    "balanced_accuracy": 0.8126696832579186,
    "F1": 0.7796610169491526,
    "mcc": 0.6482732606284713,
    "precision": 0.8679245283018868,
    "recall": 0.7076923076923077,
    "tp": 46,
    "fp": 7,
    "fn": 19,
    "tn": 78
  }
}