{
  "created_at": "2026-03-01T14:18:01",
  "discrete_metrics_source": "e2e_hard_emitted_label",
  "checkpoint_path": "",
  "checkpoint_name": "transient_eval",
  "step": 32,
  "split": "val",
  "dataset_fingerprint": "c2cb607f54c1f6fee334f6830ddc0c68e3a85a8628f8a06337c434bced3abca3",
  "config_fingerprint": "a395561e782fa81a8844ad7c99e009a61eafa91847d6295b6cd32a6613bd4169",
  "metrics": {
    "loss": NaN,
    "cls_loss": NaN,
    "accuracy": 0.86,
    "macro_f1": 0.8545639226187728,
    "auroc": NaN,
    "auprc": NaN,
    "invalid_label_rate": 0.0,
    "decision_threshold": 0.5,
    "balanced_accuracy": 0.8493212669683259,
    "F1": 0.8264462809917356,
    "mcc": 0.7157530761335094,
    "precision": 0.8928571428571429,
    "recall": 0.7692307692307693,
    "tp": 50,
    "fp": 6,
    "fn": 15,
    "tn": 79
  }
}