{
  "created_at": "2026-03-01T14:30:45",
  "discrete_metrics_source": "e2e_hard_emitted_label",
  "checkpoint_path": "",
  "checkpoint_name": "transient_eval",
  "step": 48,
  "split": "val",
  "dataset_fingerprint": "c2cb607f54c1f6fee334f6830ddc0c68e3a85a8628f8a06337c434bced3abca3",
  "config_fingerprint": "a395561e782fa81a8844ad7c99e009a61eafa91847d6295b6cd32a6613bd4169",
  "metrics": {
    "loss": NaN,
    "cls_loss": NaN,
    "accuracy": 0.8733333333333333,
    "macro_f1": 0.8668908504974079,
    "auroc": NaN,
    "auprc": NaN,
    "invalid_label_rate": 0.0,
    "decision_threshold": 0.5,
    "balanced_accuracy": 0.8592760180995476,
    "F1": 0.8376068376068376,
    "mcc": 0.7481861351821539,
    "precision": 0.9423076923076923,
    "recall": 0.7538461538461538,
    "tp": 49,
    "fp": 3,
    "fn": 16,
    "tn": 82
  }
}