{
  "created_at": "2026-03-01T13:41:23",
  "discrete_metrics_source": "e2e_hard_emitted_label",
  "checkpoint_path": "",
  "checkpoint_name": "transient_eval",
  "step": 0,
  "split": "test",
  "dataset_fingerprint": "c2cb607f54c1f6fee334f6830ddc0c68e3a85a8628f8a06337c434bced3abca3",
  "config_fingerprint": "a395561e782fa81a8844ad7c99e009a61eafa91847d6295b6cd32a6613bd4169",
  "metrics": {
    "loss": NaN,
    "cls_loss": NaN,
    "accuracy": 0.6266666666666667,
    "macro_f1": 0.5227272727272727,
    "auroc": NaN,
    "auprc": NaN,
    "invalid_label_rate": 0.5266666666666666,
    "decision_threshold": 0.5,
    "balanced_accuracy": 0.5746606334841629,
    "F1": 0.3,
    "mcc": 0.24664669113198123,
    "precision": 0.8,
    "recall": 0.18461538461538463,
    "tp": 12,
    "fp": 3,
    "fn": 53,
    "tn": 82
  }
}