{
  "created_at": "2026-03-01T13:41:23",
  "discrete_metrics_source": "e2e_hard_emitted_label",
  "checkpoint_path": "",
  "checkpoint_name": "transient_eval",
  "step": 0,
  "split": "val",
  "dataset_fingerprint": "c2cb607f54c1f6fee334f6830ddc0c68e3a85a8628f8a06337c434bced3abca3",
  "config_fingerprint": "a395561e782fa81a8844ad7c99e009a61eafa91847d6295b6cd32a6613bd4169",
  "metrics": {
    "loss": NaN,
    "cls_loss": NaN,
    "accuracy": 0.6333333333333333,
    "macro_f1": 0.5274643450369437,
    "auroc": NaN,
    "auprc": NaN,
    "invalid_label_rate": 0.56,
    "decision_threshold": 0.5,
    "balanced_accuracy": 0.5805429864253393,
    "F1": 0.3037974683544304,
    "mcc": 0.2744039719654433,
    "precision": 0.8571428571428571,
    "recall": 0.18461538461538463,
    "tp": 12,
    "fp": 2,
    "fn": 53,
    "tn": 83
  }
}