{
  "created_at": "2026-03-01T14:41:23",
  "discrete_metrics_source": "e2e_hard_emitted_label",
  "checkpoint_path": "",
  "checkpoint_name": "transient_eval",
  "step": 59,
  "split": "test",
  "dataset_fingerprint": "c2cb607f54c1f6fee334f6830ddc0c68e3a85a8628f8a06337c434bced3abca3",
  "config_fingerprint": "a395561e782fa81a8844ad7c99e009a61eafa91847d6295b6cd32a6613bd4169",
  "metrics": {
    "loss": NaN,
    "cls_loss": NaN,
    "accuracy": 0.86,
    "macro_f1": 0.8553121124431583,
    "auroc": NaN,
    "auprc": NaN,
    "invalid_label_rate": 0.0,
    "decision_threshold": 0.5,
    "balanced_accuracy": 0.851131221719457,
    "F1": 0.8292682926829268,
    "mcc": 0.7145912169192684,
    "precision": 0.8793103448275862,
    "recall": 0.7846153846153846,
    "tp": 51,
    "fp": 7,
    "fn": 14,
    "tn": 78
  }
}