{
  "created_at": "2026-03-01T19:02:36",
  "discrete_metrics_source": "e2e_hard_emitted_label",
  "checkpoint_path": "",
  "checkpoint_name": "transient_eval",
  "step": 32,
  "split": "train_first_e2e",
  "dataset_fingerprint": "c2cb607f54c1f6fee334f6830ddc0c68e3a85a8628f8a06337c434bced3abca3",
  "config_fingerprint": "10afd924c410389cd0f88f725aa1e776c0b16aa7dea976e8c909d9047d565617",
  "metrics": {
    "loss": NaN,
    "cls_loss": NaN,
    "accuracy": 0.90625,
    "macro_f1": 0.9039039039039038,
    "auroc": NaN,
    "auprc": NaN,
    "invalid_label_rate": 0.0,
    "decision_threshold": 0.5,
    "balanced_accuracy": 0.9089068825910931,
    "F1": 0.8888888888888888,
    "mcc": 0.8096598849105344,
    "precision": 0.8571428571428571,
    "recall": 0.9230769230769231,
    "tp": 12,
    "fp": 2,
    "fn": 1,
    "tn": 17
  }
}