{
  "created_at": "2026-03-01T18:52:31",
  "discrete_metrics_source": "e2e_hard_emitted_label",
  "checkpoint_path": "",
  "checkpoint_name": "transient_eval",
  "step": 16,
  "split": "val",
  "dataset_fingerprint": "c2cb607f54c1f6fee334f6830ddc0c68e3a85a8628f8a06337c434bced3abca3",
  "config_fingerprint": "10afd924c410389cd0f88f725aa1e776c0b16aa7dea976e8c909d9047d565617",
  "metrics": {
    "loss": NaN,
    "cls_loss": NaN,
    "accuracy": 0.8266666666666667,
    "macro_f1": 0.8204089150856511,
    "auroc": NaN,
    "auprc": NaN,
    "invalid_label_rate": 0.0,
    "decision_threshold": 0.5,
    "balanced_accuracy": 0.816289592760181,
    "F1": 0.7868852459016393,
    "mcc": 0.6458060909811856,
    "precision": 0.8421052631578947,
    "recall": 0.7384615384615385,
    "tp": 48,
    "fp": 9,
    "fn": 17,
    "tn": 76
  }
}