{
  "created_at": "2026-03-01T19:27:34",
  "checkpoint_path": "tinker://1f5b955e-6d45-5b30-8e47-e3ea60f3e09a:train:0/sampler_weights/reasoning_sft_20260301_183104_final",
  "checkpoint_name": "reasoning_sft_20260301_183104_final",
  "split": "val",
  "tag": "final",
  "step": 60,
  "dataset_fingerprint": "c2cb607f54c1f6fee334f6830ddc0c68e3a85a8628f8a06337c434bced3abca3",
  "config_fingerprint": "10afd924c410389cd0f88f725aa1e776c0b16aa7dea976e8c909d9047d565617",
  "decision_threshold": 0.5,
  "n": 150,
  "predictions_path": "/home/tzhou3/Financial-LLM-for-Analyst-Anomaly-Detection/tinker/runs/reasoning_sft_20260301_183104/student_phase/val_final.json",
  "metrics": {
    "decision_threshold": 0.5,
    "loss": NaN,
    "cls_loss": NaN,
    "accuracy": 0.8533333333333334,
    "macro_f1": 0.849480021893815,
    "auroc": NaN,
    "auprc": NaN,
    "invalid_label_rate": 0.0,
    "balanced_accuracy": 0.8470588235294119,
    "F1": 0.8253968253968254,
    "mcc": 0.7002277313520158,
    "precision": 0.8524590163934426,
    "recall": 0.8,
    "tp": 52,
    "fp": 9,
    "fn": 13,
    "tn": 76
  }
}