{
  "created_at": "2026-03-01T18:39:09",
  "discrete_metrics_source": "e2e_hard_emitted_label",
  "checkpoint_path": "",
  "checkpoint_name": "transient_eval",
  "step": 0,
  "split": "train_last_e2e",
  "dataset_fingerprint": "c2cb607f54c1f6fee334f6830ddc0c68e3a85a8628f8a06337c434bced3abca3",
  "config_fingerprint": "10afd924c410389cd0f88f725aa1e776c0b16aa7dea976e8c909d9047d565617",
  "metrics": {
    "loss": NaN,
    "cls_loss": NaN,
    "accuracy": 0.8421052631578947,
    "macro_f1": 0.8403361344537814,
    "auroc": NaN,
    "auprc": NaN,
    "invalid_label_rate": 0.0,
    "decision_threshold": 0.5,
    "balanced_accuracy": 0.8465909090909092,
    "F1": 0.8235294117647058,
    "mcc": 0.6854365268376295,
    "precision": 0.7777777777777778,
    "recall": 0.875,
    "tp": 7,
    "fp": 2,
    "fn": 1,
    "tn": 9
  }
}