{
  "created_at": "2026-03-01T19:13:47",
  "discrete_metrics_source": "e2e_hard_emitted_label",
  "checkpoint_path": "",
  "checkpoint_name": "transient_eval",
  "step": 48,
  "split": "val",
  "dataset_fingerprint": "c2cb607f54c1f6fee334f6830ddc0c68e3a85a8628f8a06337c434bced3abca3",
  "config_fingerprint": "10afd924c410389cd0f88f725aa1e776c0b16aa7dea976e8c909d9047d565617",
  "metrics": {
    "loss": NaN,
    "cls_loss": NaN,
    "accuracy": 0.8866666666666667,
    "macro_f1": 0.8839379181648537,
    "auroc": NaN,
    "auprc": NaN,
    "invalid_label_rate": 0.0,
    "decision_threshold": 0.5,
    "balanced_accuracy": 0.8819004524886878,
    "F1": 0.8661417322834646,
    "mcc": 0.7686154835467148,
    "precision": 0.8870967741935484,
    "recall": 0.8461538461538461,
    "tp": 55,
    "fp": 7,
    "fn": 10,
    "tn": 78
  }
}