{
  "created_at": "2026-03-01T18:39:09",
  "discrete_metrics_source": "e2e_hard_emitted_label",
  "checkpoint_path": "",
  "checkpoint_name": "transient_eval",
  "step": 0,
  "split": "train_first_e2e",
  "dataset_fingerprint": "c2cb607f54c1f6fee334f6830ddc0c68e3a85a8628f8a06337c434bced3abca3",
  "config_fingerprint": "10afd924c410389cd0f88f725aa1e776c0b16aa7dea976e8c909d9047d565617",
  "metrics": {
    "loss": NaN,
    "cls_loss": NaN,
    "accuracy": 0.90625,
    "macro_f1": 0.9054187192118226,
    "auroc": NaN,
    "auprc": NaN,
    "invalid_label_rate": 0.0,
    "decision_threshold": 0.5,
    "balanced_accuracy": 0.9210526315789473,
    "F1": 0.896551724137931,
    "mcc": 0.827170191868511,
    "precision": 0.8125,
    "recall": 1.0,
    "tp": 13,
    "fp": 3,
    "fn": 0,
    "tn": 16
  }
}