{
  "created_at": "2026-03-01T19:25:37",
  "discrete_metrics_source": "e2e_hard_emitted_label",
  "checkpoint_path": "",
  "checkpoint_name": "transient_eval",
  "step": 59,
  "split": "train_first_e2e",
  "dataset_fingerprint": "c2cb607f54c1f6fee334f6830ddc0c68e3a85a8628f8a06337c434bced3abca3",
  "config_fingerprint": "10afd924c410389cd0f88f725aa1e776c0b16aa7dea976e8c909d9047d565617",
  "metrics": {
    "loss": NaN,
    "cls_loss": NaN,
    "accuracy": 0.9375,
    "macro_f1": 0.9333333333333333,
    "auroc": NaN,
    "auprc": NaN,
    "invalid_label_rate": 0.0,
    "decision_threshold": 0.5,
    "balanced_accuracy": 0.9230769230769231,
    "F1": 0.9166666666666666,
    "mcc": 0.8749672939989046,
    "precision": 1.0,
    "recall": 0.8461538461538461,
    "tp": 11,
    "fp": 0,
    "fn": 2,
    "tn": 19
  }
}