{
  "created_at": "2026-03-01T19:29:55",
  "discrete_metrics_source": "e2e_hard_emitted_label",
  "checkpoint_path": "tinker://1f5b955e-6d45-5b30-8e47-e3ea60f3e09a:train:0/sampler_weights/reasoning_sft_20260301_183104_best_step_48",
  "checkpoint_name": "reasoning_sft_20260301_183104_bestval",
  "step": 48,
  "split": "val_bestval",
  "dataset_fingerprint": "c2cb607f54c1f6fee334f6830ddc0c68e3a85a8628f8a06337c434bced3abca3",
  "config_fingerprint": "10afd924c410389cd0f88f725aa1e776c0b16aa7dea976e8c909d9047d565617",
  "metrics": {
    "loss": NaN,
    "cls_loss": NaN,
    "accuracy": 0.8666666666666667,
    "macro_f1": 0.8631636562671046,
    "auroc": NaN,
    "auprc": NaN,
    "invalid_label_rate": 0.0,
    "decision_threshold": 0.5,
    "balanced_accuracy": 0.860633484162896,
    "F1": 0.8412698412698413,
    "mcc": 0.7276160389668274,
    "precision": 0.8688524590163934,
    "recall": 0.8153846153846154,
    "tp": 53,
    "fp": 8,
    "fn": 12,
    "tn": 77
  }
}