{
  "created_at": "2026-03-01T18:52:31",
  "discrete_metrics_source": "e2e_hard_emitted_label",
  "checkpoint_path": "",
  "checkpoint_name": "transient_eval",
  "step": 16,
  "split": "train_first_e2e",
  "dataset_fingerprint": "c2cb607f54c1f6fee334f6830ddc0c68e3a85a8628f8a06337c434bced3abca3",
  "config_fingerprint": "10afd924c410389cd0f88f725aa1e776c0b16aa7dea976e8c909d9047d565617",
  "metrics": {
    "loss": NaN,
    "cls_loss": NaN,
    "accuracy": 0.8125,
    "macro_f1": 0.8056680161943319,
    "auroc": NaN,
    "auprc": NaN,
    "invalid_label_rate": 0.03125,
    "decision_threshold": 0.5,
    "balanced_accuracy": 0.8056680161943319,
    "F1": 0.7692307692307693,
    "mcc": 0.611336032388664,
    "precision": 0.7692307692307693,
    "recall": 0.7692307692307693,
    "tp": 10,
    "fp": 3,
    "fn": 3,
    "tn": 16
  }
}