{
  "created_at": "2026-03-01T13:33:44",
  "discrete_metrics_source": "e2e_hard_emitted_label",
  "checkpoint_path": "",
  "checkpoint_name": "transient_eval",
  "step": 0,
  "split": "val",
  "dataset_fingerprint": "c2cb607f54c1f6fee334f6830ddc0c68e3a85a8628f8a06337c434bced3abca3",
  "config_fingerprint": "2dd346f9e36474971cf0b2c07bf0a8078f278396ebe107ab73956d11f8168a5c",
  "metrics": {
    "loss": NaN,
    "cls_loss": NaN,
    "accuracy": 0.6666666666666666,
    "macro_f1": 0.5866402116402116,
    "auroc": NaN,
    "auprc": NaN,
    "invalid_label_rate": 0.54,
    "decision_threshold": 0.5,
    "balanced_accuracy": 0.6190045248868778,
    "F1": 0.40476190476190477,
    "mcc": 0.3546068848304836,
    "precision": 0.8947368421052632,
    "recall": 0.26153846153846155,
    "tp": 17,
    "fp": 2,
    "fn": 48,
    "tn": 83
  }
}