{
  "created_at": "2026-03-01T07:49:01",
  "checkpoint_path": "tinker://15e60915-6123-5ddb-a4f5-69741a6c5164:train:0/sampler_weights/reasoning_sft_20260228_213728_final",
  "checkpoint_name": "reasoning_sft_20260228_213728_final",
  "split": "test",
  "tag": "final",
  "step": 60,
  "dataset_fingerprint": "c2cb607f54c1f6fee334f6830ddc0c68e3a85a8628f8a06337c434bced3abca3",
  "config_fingerprint": "d134ed563208853558e6fe1b0333095e36e697f052fc6cce22d2b834ac6a9f08",
  "decision_threshold": 0.5,
  "n": 150,
  "predictions_path": "/home/tzhou3/Financial-LLM-for-Analyst-Anomaly-Detection/tinker/runs/reasoning_sft_20260228_213728/student_phase/test_final.json",
  "metrics": {
    "decision_threshold": 0.5,
    "loss": NaN,
    "cls_loss": NaN,
    "accuracy": 0.8266666666666667,
    "macro_f1": 0.8204089150856511,
    "auroc": NaN,
    "auprc": NaN,
    "invalid_label_rate": 0.0,
    "balanced_accuracy": 0.816289592760181,
    "F1": 0.7868852459016393,
    "mcc": 0.6458060909811856,
    "precision": 0.8421052631578947,
    "recall": 0.7384615384615385,
    "tp": 48,
    "fp": 9,
    "fn": 17,
    "tn": 76
  }
}