{
  "created_at": "2026-03-01T05:58:09",
  "discrete_metrics_source": "e2e_hard_emitted_label",
  "checkpoint_path": "",
  "checkpoint_name": "transient_eval",
  "step": 59,
  "split": "val",
  "dataset_fingerprint": "c2cb607f54c1f6fee334f6830ddc0c68e3a85a8628f8a06337c434bced3abca3",
  "config_fingerprint": "d134ed563208853558e6fe1b0333095e36e697f052fc6cce22d2b834ac6a9f08",
  "metrics": {
    "loss": NaN,
    "cls_loss": NaN,
    "accuracy": 0.8466666666666667,
    "macro_f1": 0.8407128676300845,
    "auroc": NaN,
    "auprc": NaN,
    "invalid_label_rate": 0.0,
    "decision_threshold": 0.5,
    "balanced_accuracy": 0.8357466063348415,
    "F1": 0.8099173553719008,
    "mcc": 0.6879388374236579,
    "precision": 0.875,
    "recall": 0.7538461538461538,
    "tp": 49,
    "fp": 7,
    "fn": 16,
    "tn": 78
  }
}