{
  "created_at": "2026-02-28T23:46:52",
  "discrete_metrics_source": "e2e_hard_emitted_label",
  "checkpoint_path": "",
  "checkpoint_name": "transient_eval",
  "step": 16,
  "split": "val",
  "dataset_fingerprint": "c2cb607f54c1f6fee334f6830ddc0c68e3a85a8628f8a06337c434bced3abca3",
  "config_fingerprint": "d134ed563208853558e6fe1b0333095e36e697f052fc6cce22d2b834ac6a9f08",
  "metrics": {
    "loss": NaN,
    "cls_loss": NaN,
    "accuracy": 0.82,
    "macro_f1": 0.8108448928121059,
    "auroc": NaN,
    "auprc": NaN,
    "invalid_label_rate": 0.02666666666666667,
    "decision_threshold": 0.5,
    "balanced_accuracy": 0.8049773755656109,
    "F1": 0.7692307692307693,
    "mcc": 0.635110144978302,
    "precision": 0.8653846153846154,
    "recall": 0.6923076923076923,
    "tp": 45,
    "fp": 7,
    "fn": 20,
    "tn": 78
  }
}