{
  "created_at": "2026-03-01T06:58:32",
  "discrete_metrics_source": "e2e_hard_emitted_label",
  "checkpoint_path": "tinker://15e60915-6123-5ddb-a4f5-69741a6c5164:train:0/sampler_weights/reasoning_sft_20260228_213728_final",
  "checkpoint_name": "reasoning_sft_20260228_213728_final",
  "step": 60,
  "split": "val_final",
  "dataset_fingerprint": "c2cb607f54c1f6fee334f6830ddc0c68e3a85a8628f8a06337c434bced3abca3",
  "config_fingerprint": "d134ed563208853558e6fe1b0333095e36e697f052fc6cce22d2b834ac6a9f08",
  "metrics": {
    "loss": NaN,
    "cls_loss": NaN,
    "accuracy": 0.8466666666666667,
    "macro_f1": 0.8422857142857143,
    "auroc": NaN,
    "auprc": NaN,
    "invalid_label_rate": 0.0,
    "decision_threshold": 0.5,
    "balanced_accuracy": 0.8393665158371041,
    "F1": 0.816,
    "mcc": 0.6865437954763622,
    "precision": 0.85,
    "recall": 0.7846153846153846,
    "tp": 51,
    "fp": 9,
    "fn": 14,
    "tn": 76
  }
}