{
  "created_at": "2026-02-28T21:44:42",
  "discrete_metrics_source": "e2e_hard_emitted_label",
  "checkpoint_path": "",
  "checkpoint_name": "transient_eval",
  "step": 0,
  "split": "test",
  "dataset_fingerprint": "c2cb607f54c1f6fee334f6830ddc0c68e3a85a8628f8a06337c434bced3abca3",
  "config_fingerprint": "d134ed563208853558e6fe1b0333095e36e697f052fc6cce22d2b834ac6a9f08",
  "metrics": {
    "loss": NaN,
    "cls_loss": NaN,
    "accuracy": 0.86,
    "macro_f1": 0.8577171507294818,
    "auroc": NaN,
    "auprc": NaN,
    "invalid_label_rate": 0.0,
    "decision_threshold": 0.5,
    "balanced_accuracy": 0.858371040723982,
    "F1": 0.8396946564885496,
    "mcc": 0.7155128437740922,
    "precision": 0.8333333333333334,
    "recall": 0.8461538461538461,
    "tp": 55,
    "fp": 11,
    "fn": 10,
    "tn": 74
  }
}