{
  "created_at": "2026-03-01T07:54:52",
  "checkpoint_path": "tinker://15e60915-6123-5ddb-a4f5-69741a6c5164:train:0/sampler_weights/reasoning_sft_20260228_213728_best_step_0",
  "checkpoint_name": "reasoning_sft_20260228_213728_bestval",
  "split": "test",
  "tag": "bestval",
  "step": 0,
  "dataset_fingerprint": "c2cb607f54c1f6fee334f6830ddc0c68e3a85a8628f8a06337c434bced3abca3",
  "config_fingerprint": "d134ed563208853558e6fe1b0333095e36e697f052fc6cce22d2b834ac6a9f08",
  "decision_threshold": 0.5,
  "n": 150,
  "predictions_path": "/home/tzhou3/Financial-LLM-for-Analyst-Anomaly-Detection/tinker/runs/reasoning_sft_20260228_213728/student_phase/test_bestval.json",
  "metrics": {
    "decision_threshold": 0.5,
    "loss": NaN,
    "cls_loss": NaN,
    "accuracy": 0.86,
    "macro_f1": 0.8577171507294818,
    "auroc": NaN,
    "auprc": NaN,
    "invalid_label_rate": 0.0,
    "balanced_accuracy": 0.858371040723982,
    "F1": 0.8396946564885496,
    "mcc": 0.7155128437740922,
    "precision": 0.8333333333333334,
    "recall": 0.8461538461538461,
    "tp": 55,
    "fp": 11,
    "fn": 10,
    "tn": 74
  }
}