{
  "created_at": "2026-03-01T03:43:18",
  "discrete_metrics_source": "e2e_hard_emitted_label",
  "checkpoint_path": "",
  "checkpoint_name": "transient_eval",
  "step": 48,
  "split": "test",
  "dataset_fingerprint": "c2cb607f54c1f6fee334f6830ddc0c68e3a85a8628f8a06337c434bced3abca3",
  "config_fingerprint": "d134ed563208853558e6fe1b0333095e36e697f052fc6cce22d2b834ac6a9f08",
  "metrics": {
    "loss": NaN,
    "cls_loss": NaN,
    "accuracy": 0.8333333333333334,
    "macro_f1": 0.8268618126413962,
    "auroc": NaN,
    "auprc": NaN,
    "invalid_label_rate": 0.0,
    "decision_threshold": 0.5,
    "balanced_accuracy": 0.8221719457013574,
    "F1": 0.7933884297520661,
    "mcc": 0.6601245987138066,
    "precision": 0.8571428571428571,
    "recall": 0.7384615384615385,
    "tp": 48,
    "fp": 8,
    "fn": 17,
    "tn": 77
  }
}